AirportCD,AirportICAOCD,AirportName,Country,Region,CityAirportName,Clasification
AKJ,RJEC,旭川,日本,その他,旭川(AKJ),国内
AOJ,RJSA,青森,日本,青森,青森(AOJ),国内
ASJ,RJKA,奄美,日本,その他,奄美(ASJ),国内
AXT,RJSK,秋田,日本,秋田,秋田(AXT),国内
CTS,RJCC,新千歳,日本,新千歳,札幌/新千歳(CTS),国内
FKJ,RJNF,福井,日本,その他,福井(FKJ),国内
FKS,RJSF,福島,日本,福島,福島(FKS),国内
FSZ,RJNS,静岡,日本,静岡,静岡(FSZ),国内
FUJ,RJFE,福江,日本,その他,福江島(FUJ),国内
FUK,RJFF,福岡,日本,福岡,福岡(FUK),国内
GAJ,RJSC,山形,日本,山形,山形(GAJ),国内
HIJ,RJOA,広島,日本,広島,広島(HIJ),国内
HKD,RJCH,函館,日本,函館,函館(HKD),国内
HNA,RJSI,花巻,日本,花巻,花巻(HNA),国内
HND,RJTT,東京,日本,東京,東京/羽田(HND),国内
HSG,RJFS,佐賀,日本,その他,佐賀(HSG),国内
IBR,RJAH,茨城,日本,茨城,茨城(IBR),国内
IKI,RJDB,壱岐,日本,その他,壱岐(IKI),国内
ISG,ROIG,石垣,日本,その他,石垣島(ISG),国内
ITM,RJOO,大阪,日本,大阪,大阪/伊丹(ITM),国内
IWJ,RJOW,石見,日本,その他,石見(IWJ),国内
IWK,RJOI,岩国,日本,その他,岩国(IWK),国内
IZO,RJOC,出雲,日本,出雲,出雲(IZO),国内
KCZ,RJOK,高知,日本,その他,高知(KCZ),国内
KIJ,RJSN,新潟,日本,新潟,新潟(KIJ),国内
KIX,RJBB,関西,日本,関西,大阪/関西(KIX),国内
KKJ,RJFR,北九州,日本,その他,北九州(KKJ),国内
KMI,RJFM,宮崎,日本,その他,宮崎(KMI),国内
KMJ,RJFT,熊本,日本,その他,熊本(KMJ),国内
KMQ,RJNK,小松,日本,小松,小松(KMQ),国内
KOJ,RJFK,鹿児島,日本,その他,鹿児島(KOJ),国内
KUH,RJCK,釧路,日本,釧路,釧路(KUH),国内
MBE,RJEB,紋別,日本,その他,紋別(MBE),国内
MMB,RJCM,女満別,日本,女満別,女満別/網走(MMB),国内
MMJ,RJAF,松本,日本,松本,松本(MMJ),国内
MMY,ROMY,宮古,日本,その他,宮古(MMY),国内
MSJ,RJSM,三沢,日本,その他,三沢(MSJ),国内
MYJ,RJOM,松山,日本,松山,松山(MYJ),国内
NGO,RJGG,中部,日本,中部,名古屋/中部(NGO),国内
NGS,RJFU,長崎,日本,その他,長崎(NGS),国内
NKM,RJNA,小牧,日本,その他,名古屋/小牧(NKM),国内
NRT,RJAA,成田,日本,成田,東京/成田(NRT),国内
NTQ,RJNW,能登,日本,その他,穴水(NTQ),国内
OBO,RJCB,帯広,日本,その他,帯広(OBO),国内
OIR,RJEO,奥尻,日本,奥尻,奥尻(OIR),国内
OIT,RJFO,大分,日本,その他,大分(OIT),国内
OKA,ROAH,沖縄,日本,沖縄,那覇(OKA),国内
OKD,RJCO,丘珠,日本,丘珠,札幌/丘珠(OKD),国内
OKJ,RJOB,岡山,日本,岡山,岡山(OKJ),国内
ONJ,RJSR,大館能代,日本,その他,大館能代(ONJ),国内
RIS,RJER,利尻,日本,利尻,利尻(RIS),国内
SDJ,RJSS,仙台,日本,仙台,仙台(SDJ),国内
SDS,RJSD,佐渡,日本,その他,佐渡(SDS),国内
SHB,RJCN,中標津,日本,中標津,中標津(SHB),国内
SHI,RORS,宮古下地島,日本,その他,宮古下地島(SHI),国内
SHM,RJBD,南紀白浜,日本,その他,南紀白浜(SHM),国内
SYO,RJSY,庄内,日本,その他,庄内(SYO),国内
TAK,RJOT,高松,日本,高松,高松(TAK),国内
TJH,RJBT,但馬,日本,その他,豊岡(TJH),国内
TKS,RJOS,徳島,日本,徳島,徳島(TKS),国内
TNE,RJFG,種子島,日本,その他,種子島(TNE),国内
TOY,RJNT,富山,日本,富山,富山(TOY),国内
TSJ,RJDT,対馬,日本,その他,対馬(TSJ),国内
TTJ,RJOR,鳥取,日本,その他,鳥取(TTJ),国内
UBJ,RJDC,山口宇部,日本,その他,山口宇部(UBJ),国内
UKB,RJBE,神戸,日本,神戸,神戸(UKB),国内
WKJ,RJCW,稚内,日本,稚内,稚内(WKJ),国内
YGJ,RJOH,米子,日本,その他,米子(YGJ),国内
CHN,RKJU,全州,韓国,全州,全州(CHN),国際
CJJ,RKTU,清州,韓国,済州(ﾁｪｼﾞｭ),清州(CJJ),国際
GMP,RKSS,金浦,韓国,ソウル,ソウル(GMP),国際
ICN,RKSI,仁川,韓国,ソウル,ソウル(ICN),国際
MWX,RKJB,ムアン,韓国,ムアン,務安(MWX),国際
PUS,RKPK,釜山,韓国,釜山,釜山(PUS),国際
TAE,RKTN,大邱,韓国,大邱,大邱(TAE),国際
ANC,PANC,アンカレッジ,その他,アンカレッジ,アンカレッジ(ANC),国際
AMS,EHAM,アムステルダム,その他,オランダ,アムステルダム(AMS),国際
BOS,KBOS,ボストン,その他,ボストン,ボストン(BOS),国際
CGK,WIII,スカルノ・ハッタ,その他,ジャカルタ,ジャカルタ(CGK),国際
CVG,KCVG,シンシナティ,その他,シンシナティ,シンシナティ(CVG),国際
DEN,KDEN,デンバー,その他,デンバー,デンバー(DEN),国際
DFW,KDFW,ダラスフォートワース,その他,ダラス,ダラス(DFW),国際
DPS,WADD,ングラ・ライ,その他,デンパサール,デンパサール(DPS),国際
DAD,VVDN,ダナン,その他,ダナン,ダナン(DAD),国際
FCO,LIRF,フィウミチーノ,その他,ローマ,ローマ(FCO),国際
FRA,EDDF,フランクフルト,その他,フランクフルト,フランクフルト(FRA),国際
GUM,PGUM,グアム,その他,グアム,グアム(GUM),国際
HAN,VVNB,ノイバイ,その他,ノイバイ,ノイバイ(HAN),国際
HEL,EFHK,ヘルシンキ,その他,ヘルシンキ,ヘルシンキ(HEL),国際
HNL,PHNL,ホノルル,その他,ホノルル,ホノルル(HNL),国際
IAH,KIAH,ヒューストン,その他,テキサス,ヒューストン(IAH),国際
JFK,KJFK,ニューヨーク,その他,ニューヨーク,ニューヨーク(JFK),国際
KUL,WMKK,クアラルンプール,その他,クアラルンプール,クアラルンプール(KUL),国際
LAX,KLAX,ロサンゼルス,その他,カリフォルニア,カリフォルニア(LAX),国際
MEM,LMEM,メンフィス,その他,イリノイ,メンフィス(MEM),国際
MEX,MMMX,メキシコシティ,その他,メキシコシティ,メキシコシティ(MMX),国際
MXP,LIMC,ミラノ,その他,ミラノ,ミラノ(MXP),国際
MNL,RPLL,マニラ,その他,マニラ,マニラ(MNL),国際
OAK,KOAK,オークランド,その他,オークランド,オークランド(OAK),国際
ORD,KORD,シカゴオヘア,その他,シカゴ,シカゴ(ORD),国際
SAN,KSAN,サンディエゴ,その他,サンディエゴ,サンディエゴ(SAN),国際
SDF,KSDF,ルイビル,その他,ルイビル,ルイビル(SDF),国際
SEA,KSEA,シアトルタコマ,その他,シアトル,シアトル(SEA),国際
SFO,KSFO,サンフランシスコ,その他,サンフランシスコ,サンフランシスコ(SFO),国際
SIN,WSSS,シンガポール,その他,シンガポール,シンガポール(SIN),国際
SJC,KSJC,サンノゼ,その他,サンノゼ,サンノゼ(SJC),国際
SKD,UTSS,サマルカンド,その他,サマルカンド,サマルカンド(SKD),国際
SPN,PGSN,サイパン,その他,サイパン,サイパン(SPN),国際
SYD,YSSY﻿,シドニー,その他,シドニー,シドニー(SYD),国際
TAS,UTTT,タシケント,その他,タシケント,タシケント(TAS),国際
USS,UHSS,ユジノサハリンスク,その他,ユジノサハリンスク,ユジノサハリンスク(USS),国際
VDO,VVVD,ヴァンドン,その他,ヴァンドン,ヴァンドン(VDO),国際
VVO,UHWW,ウラジオストク,その他,ウラジオストク,ウラジオストク(VVO),国際
YUL,CYUL,モントリオール,その他,モントリオール,モントリオール(YUL),国際
YVR,CYVR,バンクーバー,その他,バンクーバー,バンクーバー(YVR),国際
YYC,CYYC,カルガリー,その他,カルガリー,カルガリー(YYC),国際
YYZ,CYYZ,トロントピアソン,その他,トロント,トロントピアソン(YYZ),国際
BKK,VTBS,バンコク（スワンナプーム）,タイ,バンコク,バンコク(BKK),国際
CNX,VTCC,チェンマイ,タイ,チェンマイ,チェンマイ(CNX),国際
DMK,VTBD,バンコク（ドムンアン）,タイ,バンコク,ドムンアン(DMK),国際
KHH,RCKH,高雄,台湾,高雄,高雄(KHH),国際
TPE,RCTP,台北,台湾,台北,台北(TPE),国際
TSA,RCSS,台北松山,台湾,台北,台北(TSA),国際
RMQ,RCMQ,台中,台湾,台中,台中(RMQ),国際
TNN,RCNN,台南,台湾,台南,台南(TNN),国際
CAN,ZGGG,広州,中国,広州,広州(CAN),国際
CSX,ZGHA,長沙,中国,長沙,長沙(CSX),国際
CTU,ZUUU,成都（双流）,中国,成都,成都(CTU),国際
DLC,ZYDU,大連,中国,大連,大連(DLC),国際
FOC,ZSFZ,福州,中国,福州,福州(FOC),国際
HGH,ZSHC,杭州,中国,杭州,杭州(HGH),国際
NKG,ZSNJ,南京,中国,南京,南京(NKG),国際
PEK,ZBAA,北京（首都）,中国,北京,北京/首都(PEK),国際
PKX,ZBAD,北京（大興）,中国,北京,北京/大興(PKX),国際
PVG,ZSPD,上海（浦東）,中国,上海,上海/浦東(PVG),国際
SHA,ZSSS,上海（虹橋）,中国,上海,上海/虹橋(SHA),国際
SZX,ZGSZ,深圳,中国,深圳,深圳(SZX),国際
TAO,ZSQD,青島,中国,青島,青島(TAO),国際
TFU,ZUTF,成都（天府）,中国,成都,成都(TFU),国際
TSN,ZBTJ,天津,中国,天津,天津(TSN),国際
WUX,ZSWX,無錫,中国,無錫,無錫(WUX),国際
XIY,ZLXY,西安,中国,西安,西安(XIY),国際
XMN,ZSAM,厦門,中国,厦門,厦門(XMN),国際
HKG,VHHH,香港,香港,香港,香港(HKG),国際
KMG,ZPPP,昆明,中国,昆明,昆明(KMG),国際
CGQ,ZYCC,長春,中国,長春,長春(CGQ),国際
SHE,ZYTX,瀋陽,中国,瀋陽,瀋陽(SHE),国際
HRB,ZYHB,ハルビン,中国,ハルビン,ハルビン(HRB),国際
NGB,ZSNB,寧波,中国,寧波,寧波(NGB),国際
Z99,Z999,未登録,その他,その他,未登録(Z99),国際
