AirportAlias,AirportCD
AKJ,AKJ
旭川,AKJ
AMS,AMS
アムステルダム,AMS
ANC,ANC
アンカレッジ,ANC
AOJ,AOJ
青森,AOJ
ASJ,ASJ
奄美,ASJ
AXT,AXT
秋田,AXT
BKK,BKK
スワンナプーム,BKK
バンコク,BKK
ﾊﾞﾝｺｸ(ｽﾜﾝｱﾌﾟﾑ),BKK
ﾊﾞﾝｺｸ(ｽﾜﾝｱﾌﾟﾑ）,BKK
バンコク（スワンナプーム）,BKK
バンコク（スワンナプーム),BKK
バンコク(スワンナプーム),BKK
バンコク(スワンナプーム）,BKK
BOS,BOS
ボストン,BOS
CAN,CAN
広州,CAN
CHN,CHN
全州,CHN
CJJ,CJJ
清州,CJJ
CNX,CNX
チェンマイ,CNX
CSX,CSX
長沙,CSX
CGK,CGK
スカルノ・ハッタ,CGK
ジャカルタ,CGK
CTS,CTS
札幌(新千歳),CTS
札幌(新千歳）,CTS
札幌（新千歳）,CTS
札幌（新千歳),CTS
札幌(千歳）,CTS
札幌(千歳),CTS
札幌（千歳）,CTS
札幌（千歳),CTS
新千歳,CTS
千歳,CTS
札幌,CTS
CTU,CTU
成都（双流）,CTU
成都双流,CTU
CVG,CVG
シンシナティ,CVG
DAD,DAD
ダナン,DAD
DEN,DEN
デンバー,DEN
DPS,DPS
ングラ・ライ,DPS
デンパサール,DPS
バリ,DPS
DFW,DFW
ダラスフォートワース,DFW
DLC,DLC
大連,DLC
DMK,DMK
ドムンアン,DMK
バンコク(ドムンアン),DMK
バンコク(ドムンアン）,DMK
バンコク（ドムンアン),DMK
バンコク（ドムンアン）,DMK
ﾊﾞﾝｺｸ(ﾄﾞﾝﾑｱﾝ),DMK
ﾊﾞﾝｺｸ(ﾄﾞﾝﾑｱﾝ）,DMK
FCO,FCO
フィウミチーノ,FCO
FRA,FRA
フランクフルト,FRA
FKJ,FKJ
福井,FKJ
FKS,FKS
福島,FKS
FOC,FOC
福州,FOC
FSZ,FSZ
静岡,FSZ
FUJ,FUJ
福江,FUJ
FUK,FUK
福岡,FUK
GAJ,GAJ
山形,GAJ
GMP,GMP
金浦,GMP
ソウル(金浦),GMP
ソウル(金浦）,GMP
ソウル（金浦）,GMP
ソウル（金浦),GMP
GUM,GUM
グァム,GUM
グアム,GUM
HAN,HAN
ノイバイ,HAN
HEL,HEL
ヘルシンキ,HEL
HGH,HGH
杭州,HGH
HHE,HHE
八戸,HHE
HIJ,HIJ
広島,HIJ
HKD,HKD
函館,HKD
HKG,HKG
香港,HKG
HNA,HNA
いわて花巻,HNA
花巻,HNA
HND,HND
東京,HND
羽田,HND
東京(羽田),HND
東京(羽田）,HND
東京（羽田),HND
東京（羽田）,HND
HNL,HNL
ホノルル,HNL
HSG,HSG
佐賀,HSG
IAH,IAH
ヒューストン,IAH
IBR,IBR
茨城,IBR
ICN,ICN
仁川,ICN
ソウル,ICN
ソウル(仁川),ICN
ソウル(仁川）,ICN
ソウル（仁川）,ICN
ソウル（仁川),ICN
IKI,IKI
壱岐,IKI
ISG,ISG
石垣,ISG
石垣島,ISG
ITM,ITM
伊丹,ITM
大阪,ITM
大阪(伊丹),ITM
大阪(伊丹）,ITM
大阪（伊丹）,ITM
大阪（伊丹),ITM
IWJ,IWJ
石見,IWJ
IWK,IWK
岩国,IWK
岩国錦帯橋,IWK
IZO,IZO
出雲,IZO
JFK,JFK
ニューヨーク,JFK
KCZ,KCZ
高知,KCZ
KHH,KHH
高雄,KHH
KIJ,KIJ
新潟,KIJ
KIX,KIX
関西空港,KIX
関西,KIX
大阪(関西),KIX
大阪(関西）,KIX
大阪（関西）,KIX
大阪（関西),KIX
KKJ,KKJ
北九州,KKJ
KMI,KMI
宮崎,KMI
KMJ,KMJ
熊本,KMJ
KMQ,KMQ
小松,KMQ
KOJ,KOJ
鹿児島,KOJ
KUH,KUH
たんちょう釧路,KUH
釧路,KUH
KUL,KUL
クアラルンプール,KUL
LAX,LAX
ロサンゼルス,LAX
MBE,MBE
オホーツク紋別,MBE
紋別,MBE
MEM,MEM
メンフィス,MEM
MEX,MEX
メキシコシティ,MEX
MMB,MMB
女満別,MMB
女満別(網走),MMB
女満別(網走）,MMB
女満別（網走）,MMB
女満別（網走),MMB
MMJ,MMJ
信州まつもと,MMJ
松本,MMJ
MMY,MMY
宮古,MMY
宮古島,MMY
MNL,MNL
マニラ,MNL
MSJ,MSJ
三沢,MSJ
MWX,MWX
務安,MWX
ムアン,MWX
MYJ,MYJ
松山,MYJ
MXP,MXP
ミラノ,MXP
NGO,NGO
中部,NGO
中部国際,NGO
名古屋,NGO
名古屋(中部),NGO
名古屋(中部）,NGO
名古屋（中部）,NGO
名古屋（中部),NGO
NGS,NGS
長崎,NGS
NKG,NKG
南京,NKG
NKM,NKM
小牧,NKM
名古屋(小牧),NKM
名古屋(小牧）,NKM
名古屋（小牧）,NKM
名古屋（小牧),NKM
NRT,NRT
東京(成田),NRT
東京(成田）,NRT
成田,NRT
東京（成田）,NRT
東京（成田),NRT
NTQ,NTQ
能登,NTQ
OAK,OAK
オークランド,OAK
OBO,OBO
帯広,OBO
とかち帯広,OBO
OIR,OIR
奥尻,OIR
OIT,OIT
大分,OIT
OKA,OKA
沖縄(那覇),OKA
沖縄(那覇）,OKA
那覇,OKA
沖縄,OKA
沖縄（那覇）,OKA
沖縄（那覇),OKA
OKD,OKD
丘珠,OKD
札幌(丘珠),OKD
札幌(丘珠）,OKD
札幌（丘珠）,OKD
札幌（丘珠),OKD
OKJ,OKJ
岡山,OKJ
ONJ,ONJ
大館能代,ONJ
ORD,ORD
シカゴオヘア,ORD
PEK,PEK
北京,PEK
北京（首都）,PEK
PKX,PKX
北京（大興）,PKX
PUS,PUS
釜山,PUS
PVG,PVG
上海,PVG
上海（浦東）,PVG
浦東,PVG
RIS,RIS
利尻,RIS
SAN,SAN
サンディエゴ,SAN
SDF,SDF
ルイビル,SDF
SDJ,SDJ
仙台,SDJ
SDS,SDS
佐渡,SDS
SEA,SEA
シアトルタコマ,SEA
SFO,SFO
サンフランシスコ,SFO
SHA,SHA
上海（虹橋）,SHA
虹橋,SHA
SHB,SHB
中標津,SHB
SHI,SHI
宮古下地島,SHI
SHM,SHM
南紀白浜,SHM
SIN,SIN
シンガポール,SIN
SJC,SJC
サンノゼ,SJC
SKD,SKD
サマルカンド,SKD
SPN,SPN
サイパン,SPN
SYD,SYD
シドニー,SYD
SYO,SYO
庄内,SYO
SZX,SZX
深圳,SZX
TAE,TAE
大邱,TAE
TAK,TAK
高松,TAK
TAO,TAO
青島,TAO
TAS,TAS
タシケント,TAS
TFU,TFU
成都,TFU
成都（天府）,TFU
成都天府,TFU
TJH,TJH
但馬,TJH
TKS,TKS
徳島,TKS
TNE,TNE
種子島,TNE
TOY,TOY
富山,TOY
TPE,TPE
台北,TPE
桃園,TPE
台北（桃園）,TPE
台北桃園,TPE
台湾（桃園）,TPE
台湾桃園,TPE
TSA,TSA
台北（松山）,TSA
台北松山,TSA
台湾（松山）,TSA
台湾松山,TSA
RMQ,RMQ
台中,RMQ
TNN,TNN
台南,TNN
TSJ,TSJ
対馬,TSJ
TSN,TSN
天津,TSN
TTJ,TTJ
鳥取,TTJ
UBJ,UBJ
山口宇部,UBJ
UKB,UKB
神戸,UKB
USS,USS
ユジノサハリンスク,USS
VDO,VDO
ヴァンドン,VDO
VVO,VVO
ウラジオストク,VVO
WKJ,WKJ
稚内,WKJ
WUX,WUX
無錫,WUX
XIY,XIY
西安,XIY
XMN,XMN
厦門,XMN
YGJ,YGJ
米子,YGJ
YUL,YUL
モントリオール,YUL
YVR,YVR
バンクーバー,YVR
YYC,YYC
カルガリー,YYC
YYZ,YYZ
トロントピアソン,YYZ
KMG,KMG
昆明,KMG
長春,CGQ
CGQ,CGQ
SHE,SHE
瀋陽,SHE
HRB,HRB
ハルビン,HRB
NGB,NGB
寧波,NGB
