RouteCD,dptrAirport,ArrvAirport,RouteName,AirportOffice
ICNAKJ,ICN,AKJ,仁川,AKJ
AKJICN,AKJ,ICN,仁川,AKJ
TPEAKJ,TPE,AKJ,台北,AKJ
AKJTPE,AKJ,TPE,台北,AKJ
NGOAKJ,NGO,AKJ,中部,AKJ
AKJNGO,AKJ,NGO,中部,AKJ
HNDAKJ,HND,AKJ,東京,AKJ
AKJHND,AKJ,HND,東京,AKJ
NRTAKJ,NRT,AKJ,成田,AKJ
AKJNRT,AKJ,NRT,成田,AKJ
ITMAKJ,ITM,AKJ,大阪,AKJ
AKJITM,AKJ,ITM,大阪,AKJ
PVGAKJ,PVG,AKJ,上海,AKJ
AKJPVG,AKJ,PVG,上海,AKJ
Z99AKJ,AKJ,Z99,その他,AKJ
AKJZ99,Z99,AKJ,その他,AKJ
XMNCTS,XMN,CTS,厦門,CTS
CTSXMN,CTS,XMN,厦門,CTS
CTSHAN,CTS,HAN,ノイバイ,CTS
HANCTS,HAN,CTS,ノイバイ,CTS
CTSDAD,CTS,DAD,ダナン,CTS
DADCTS,DAD,CTS,ダナン,CTS
CTSVDO,CTS,VDO,ヴァンドン,CTS
VDOCTS,VDO,CTS,ヴァンドン,CTS
IBRCTS,IBR,CTS,茨城,CTS
CTSIBR,CTS,IBR,茨城,CTS
ICNCTS,ICN,CTS,ソウル,CTS
CTSICN,CTS,ICN,ソウル,CTS
CHNCTS,CHN,CTS,全州,CTS
CTSCHN,CTS,CHN,全州,CTS
VVOCTS,VVO,CTS,ウラジオストク,CTS
CTSVVO,CTS,VVO,ウラジオストク,CTS
ITMCTS,ITM,CTS,大阪,CTS
CTSITM,CTS,ITM,大阪,CTS
KIXCTS,KIX,CTS,関西,CTS
CTSKIX,CTS,KIX,関西,CTS
GUMCTS,GUM,CTS,グァム,CTS
CTSGUM,CTS,GUM,グァム,CTS
KULCTS,KUL,CTS,クアラルンプール,CTS
CTSKUL,CTS,KUL,クアラルンプール,CTS
CANCTS,CAN,CTS,広州,CTS
CTSCAN,CTS,CAN,広州,CTS
SKDCTS,SKD,CTS,サマルカンド,CTS
CTSSKD,CTS,SKD,サマルカンド,CTS
SYDCTS,SYD,CTS,シドニー,CTS
CTSSYD,CTS,SYD,シドニー,CTS
SINCTS,SIN,CTS,シンガポール,CTS
CTSSIN,CTS,SIN,シンガポール,CTS
CGKCTS,CGK,CTS,ジャカルタ,CTS
CTSCGK,CTS,CGK,ジャカルタ,CTS
GMPCTS,GMP,CTS,ソウル(金浦),CTS
CTSGMP,CTS,GMP,ソウル(金浦),CTS
TPECTS,TPE,CTS,台北,CTS
CTSTPE,CTS,TPE,台北,CTS
CTSTAK,CTS,TAK,その他,CTS
TAKCTS,TAK,CTS,その他,CTS
DLCCTS,DLC,CTS,大連,CTS
CTSDLC,CTS,DLC,大連,CTS
KHHCTS,KHH,CTS,高雄,CTS
CTSKHH,CTS,KHH,高雄,CTS
TASCTS,TAS,CTS,タシケント,CTS
CTSTAS,CTS,TAS,タシケント,CTS
CTSCNX,CTS,CNX,チェンマイ,CTS
CNXCTS,CNX,CTS,チェンマイ,CTS
NGOCTS,NGO,CTS,中部,CTS
CTSNGO,CTS,NGO,中部,CTS
DPSCTS,DPS,CTS,デンパサール,CTS
CTSDPS,CTS,DPS,デンパサール,CTS
TAECTS,TAE,CTS,大邱,CTS
CTSTAE,CTS,TAE,大邱,CTS
HNDCTS,HND,CTS,東京,CTS
CTSHND,CTS,HND,東京,CTS
NKGCTS,NKG,CTS,南京,CTS
CTSNKG,CTS,NKG,南京,CTS
JFKCTS,JFK,CTS,ニューヨーク,CTS
CTSJFK,CTS,JFK,ニューヨーク,CTS
CTSBKK,CTS,BKK,ﾊﾞﾝｺｸ(ｽﾜﾝｱﾌﾟﾑ）,CTS
BKKCTS,BKK,CTS,ﾊﾞﾝｺｸ(ｽﾜﾝｱﾌﾟﾑ）,CTS
DMKCTS,DMK,CTS,ﾊﾞﾝｺｸ(ﾄﾞﾝﾑｱﾝ）,CTS
CTSDMK,CTS,DMK,ﾊﾞﾝｺｸ(ﾄﾞﾝﾑｱﾝ）,CTS
FCOCTS,FCO,CTS,フィウミチーノ,CTS
CTSFCO,CTS,FCO,フィウミチーノ,CTS
FOCCTS,FOC,CTS,福州,CTS
CTSFOC,CTS,FOC,福州,CTS
HELCTS,HEL,CTS,ヘルシンキ,CTS
CTSHEL,CTS,HEL,ヘルシンキ,CTS
HNLCTS,HNL,CTS,ホノルル,CTS
CTSHNL,CTS,HNL,ホノルル,CTS
MNLCTS,MNL,CTS,マニラ,CTS
CTSMNL,CTS,MNL,マニラ,CTS
MWXCTS,MWX,CTS,務安,CTS
CTSMWX,CTS,MWX,務安,CTS
USSCTS,USS,CTS,ユジノサハリンスク,CTS
CTSUSS,CTS,USS,ユジノサハリンスク,CTS
OKJCTS,OKJ,CTS,岡山,CTS
CTSOKJ,CTS,OKJ,岡山,CTS
OKACTS,OKA,CTS,沖縄,CTS
CTSOKA,CTS,OKA,沖縄,CTS
HNACTS,HNA,CTS,花巻,CTS
CTSHNA,CTS,HNA,花巻,CTS
PUSCTS,PUS,CTS,釜山,CTS
CTSPUS,CTS,PUS,釜山,CTS
KUHCTS,KUH,CTS,釧路,CTS
CTSKUH,CTS,KUH,釧路,CTS
HIJCTS,HIJ,CTS,広島,CTS
CTSHIJ,CTS,HIJ,広島,CTS
HGHCTS,HGH,CTS,杭州,CTS
CTSHGH,CTS,HGH,杭州,CTS
HKGCTS,HKG,CTS,香港,CTS
CTSHKG,CTS,HKG,香港,CTS
GAJCTS,GAJ,CTS,山形,CTS
CTSGAJ,CTS,GAJ,山形,CTS
CTSAXT,CTS,AXT,秋田,CTS
AXTCTS,AXT,CTS,秋田,CTS
IZOCTS,IZO,CTS,出雲,CTS
CTSIZO,CTS,IZO,出雲,CTS
MMBCTS,MMB,CTS,女満別,CTS
CTSMMB,CTS,MMB,女満別,CTS
KMQCTS,KMQ,CTS,小松,CTS
CTSKMQ,CTS,KMQ,小松,CTS
MMJCTS,MMJ,CTS,松本,CTS
CTSMMJ,CTS,MMJ,松本,CTS
PVGCTS,PVG,CTS,上海,CTS
CTSPVG,CTS,PVG,上海,CTS
KIJCTS,KIJ,CTS,新潟,CTS
CTSKIJ,CTS,KIJ,新潟,CTS
SZXCTS,SZX,CTS,深圳,CTS
CTSSZX,CTS,SZX,深圳,CTS
UKBCTS,UKB,CTS,神戸,CTS
CTSUKB,CTS,UKB,神戸,CTS
NRTCTS,NRT,CTS,成田,CTS
CTSNRT,CTS,NRT,成田,CTS
TFUCTS,TFU,CTS,成都,CTS
CTSTFU,CTS,TFU,成都,CTS
CTSCJJ,CTS,CJJ,清州,CTS
CJJCTS,CJJ,CTS,清州,CTS
XIYCTS,XIY,CTS,西安,CTS
CTSXIY,CTS,XIY,西安,CTS
CTSAOJ,CTS,AOJ,青森,CTS
AOJCTS,AOJ,CTS,青森,CTS
TAOCTS,TAO,CTS,青島,CTS
CTSTAO,CTS,TAO,青島,CTS
FSZCTS,FSZ,CTS,静岡,CTS
CTSFSZ,CTS,FSZ,静岡,CTS
SDJCTS,SDJ,CTS,仙台,CTS
CTSSDJ,CTS,SDJ,仙台,CTS
MYJCTS,MYJ,CTS,松山,CTS
CTSMYJ,CTS,MYJ,松山,CTS
WKJCTS,WKJ,CTS,稚内,CTS
CTSWKJ,CTS,WKJ,稚内,CTS
SHBCTS,SHB,CTS,中標津,CTS
CTSSHB,CTS,SHB,中標津,CTS
CSXCTS,CSX,CTS,長沙,CTS
CTSCSX,CTS,CSX,長沙,CTS
TSNCTS,TSN,CTS,天津,CTS
CTSTSN,CTS,TSN,天津,CTS
TKSCTS,TKS,CTS,徳島,CTS
CTSTKS,CTS,TKS,徳島,CTS
HKDCTS,HKD,CTS,函館,CTS
CTSHKD,CTS,HKD,函館,CTS
TOYCTS,TOY,CTS,富山,CTS
CTSTOY,CTS,TOY,富山,CTS
FUKCTS,FUK,CTS,福岡,CTS
CTSFUK,CTS,FUK,福岡,CTS
FKSCTS,FKS,CTS,福島,CTS
CTSFKS,CTS,FKS,福島,CTS
PEKCTS,PEK,CTS,北京,CTS
CTSPEK,CTS,PEK,北京,CTS
WUXCTS,WUX,CTS,無錫,CTS
CTSWUX,CTS,WUX,無錫,CTS
RISCTS,RIS,CTS,利尻,CTS
CTSRIS,CTS,RIS,利尻,CTS
KKJCTS,KKJ,CTS,その他,CTS
CTSKKJ,CTS,KKJ,その他,CTS
Z99CTS,CTS,Z99,その他,CTS
CTSZ99,Z99,CTS,その他,CTS
ICNHKD,ICN,HKD,ソウル,HKD
HKDICN,HKD,ICN,ソウル,HKD
ITMHKD,ITM,HKD,大阪,HKD
HKDITM,HKD,ITM,大阪,HKD
OKDHKD,OKD,HKD,丘珠,HKD
HKDOKD,HKD,OKD,丘珠,HKD
OIRHKD,OIR,HKD,奥尻,HKD
HKDOIR,HKD,OIR,奥尻,HKD
CTSHKD,CTS,HKD,新千歳,HKD
HKDCTS,HKD,CTS,新千歳,HKD
TPEHKD,TPE,HKD,台北,HKD
HKDTPE,HKD,TPE,台北,HKD
NRTHKD,NRT,HKD,成田,HKD
HKDNRT,HKD,NRT,成田,HKD
NGOHKD,NGO,HKD,中部,HKD
HKDNGO,HKD,NGO,中部,HKD
HNDHKD,HND,HKD,東京,HKD
HKDHND,HKD,HND,東京,HKD
HKGHKD,HKG,HKD,香港,HKD
HKDHKG,HKD,HKG,香港,HKD
Z99HKD,HKD,Z99,その他,HKD
HKDZ99,Z99,HKD,その他,HKD
CTSKUH,CTS,KUH,札幌,KUH
KUHCTS,KUH,CTS,札幌,KUH
KUHHND,KUH,HND,東京,KUH
HNDKUH,HND,KUH,東京,KUH
KUHKIX,KUH,KIX,関西,KUH
KIXKUH,KIX,KUH,関西,KUH
ITMKUH,ITM,KUH,伊丹,KUH
KUHITM,KUH,ITM,伊丹,KUH
NRTKUH,NRT,KUH,成田,KUH
KUHNRT,KUH,NRT,成田,KUH
NGOKUH,NGO,KUH,名古屋,KUH
KUHNGO,KUH,NGO,名古屋,KUH
OKDKUH,OKD,KUH,丘珠,KUH
KUHOKD,KUH,OKD,丘珠,KUH
Z99KUH,KUH,Z99,その他,KUH
KUHZ99,Z99,KUH,その他,KUH
MMBITM,MMB,ITM,伊丹,MMB
ITMMMB,ITM,MMB,伊丹,MMB
OKDMMB,OKD,MMB,丘珠,MMB
MMBOKD,MMB,OKD,丘珠,MMB
MMBKIX,MMB,KIX,関西,MMB
KIXMMB,KIX,MMB,関西,MMB
CTSMMB,CTS,MMB,新千歳,MMB
MMBCTS,MMB,CTS,新千歳,MMB
NGOMMB,NGO,MMB,中部,MMB
MMBNGO,MMB,NGO,中部,MMB
MMBHND,MMB,HND,東京,MMB
HNDMMB,HND,MMB,東京,MMB
NRTMMB,NRT,MMB,成田,MMB
MMBNRT,MMB,NRT,成田,MMB
Z99MMB,MMB,Z99,その他,MMB
MMBZ99,Z99,MMB,その他,MMB
OBONGO,OBO,NGO,中部,OBO
NGOOBO,MGO,OBO,中部,OBO
OBOHND,OBO,HND,東京,OBO
HNDOBO,HND,OBO,東京,OBO
OBOCJJ,OBO,CJJ,清州,OBO
CJJOBO,CJJ,OBO,清州,OBO
OBOICN,OBO,ICN,ソウル,OBO
ICNOBO,ICN,OBO,ソウル,OBO
Z99OBO,OBO,Z99,その他,OBO
OBOZ99,Z99,OBO,その他,OBO
CTSWKJ,CTS,WKJ,札幌,WKJ
WKJCTS,WKJ,CTS,札幌,WKJ
WKJHND,WKJ,HND,東京,WKJ
HNDWKJ,HND,WKJ,東京,WKJ
Z99WKJ,WKJ,Z99,その他,WKJ
WKJZ99,Z99,WKJ,その他,WKJ
