AirlineCD,AirportOffice,RouteAlias,RouteCD,Counter
AAR,AKJ,AKJICN,AKJICN,ICN
AAR,AKJ,ICNAKJ,ICNAKJ,ICN
AAR,AKJ,ICN,ICNAKJ,ICN
AAR,AKJ,仁川,ICNAKJ,ICN
ADO,AKJ,AKJHND,AKJHND,HND
ADO,AKJ,HND,AKJHND,HND
ADO,AKJ,HNDAKJ,HNDAKJ,HND
ADO,AKJ,羽田,HNDAKJ,HND
ADO,AKJ,東京,HNDAKJ,HND
ADO,AKJ,東京（羽田）,HNDAKJ,HND
ANA,AKJ,AKJHND,AKJHND,HND
ANA,AKJ,HND,HNDAKJ,HND
ANA,AKJ,HNDAKJ,HNDAKJ,HND
ANA,AKJ,羽田,HNDAKJ,HND
ANA,AKJ,東京,HNDAKJ,HND
ANA,AKJ,東京（羽田）,HNDAKJ,HND
ANA,AKJ,AKJNGO,AKJNGO,NGO
ANA,AKJ,NGO,AKJNGO,NGO
ANA,AKJ,NGOAKJ,NGOAKJ,NGO
ANA,AKJ,中部,NGOAKJ,NGO
ANA,AKJ,名古屋,NGOAKJ,NGO
DKH,AKJ,AKJPVG,AKJPVG,PVG
DKH,AKJ,PVGAKJ,PVGAKJ,PVG
DKH,AKJ,PVG,PVGAKJ,PVG
DKH,AKJ,上海,PVGAKJ,PVG
EVA,AKJ,AKJTPE,AKJTPE,TPE
EVA,AKJ,TPEAKJ,TPEAKJ,TPE
EVA,AKJ,TPE,TPEAKJ,TPE
EVA,AKJ,台北,TPEAKJ,TPE
JAL,AKJ,AKJHND,AKJHND,HND
JAL,AKJ,HND,AKJHND,HND
JAL,AKJ,HNDAKJ,HNDAKJ,HND
JAL,AKJ,羽田,HNDAKJ,HND
JAL,AKJ,東京,HNDAKJ,HND
JAL,AKJ,東京（羽田）,HNDAKJ,HND
JAL,AKJ,AKJITM,AKJITM,ITM
JAL,AKJ,ITM,ITMAKJ,ITM
JAL,AKJ,ITMAKJ,ITMAKJ,ITM
JAL,AKJ,伊丹,ITMAKJ,ITM
JAL,AKJ,札幌=伊丹,ITMAKJ,ITM
JJP,AKJ,AKJNRT,AKJNRT,NRT
JJP,AKJ,NRT,AKJNRT,NRT
JJP,AKJ,NRTAKJ,NRTAKJ,NRT
JJP,AKJ,成田,AKJNRT,NRT
JJP,AKJ,東京（成田）,AKJNRT,NRT
KAL,AKJ,AKJICN,AKJICN,ICN
KAL,AKJ,ICNAKJ,ICNAKJ,ICN
KAL,AKJ,ICN,ICNAKJ,ICN
KAL,AKJ,仁川,ICNAKJ,ICN
TTW,AKJ,AKJTPE,AKJTPE,TPE
TTW,AKJ,TPEAKJ,TPEAKJ,TPE
TTW,AKJ,TPE,TPEAKJ,TPE
TTW,AKJ,台北,TPEAKJ,TPE
TTW,AKJ,AKJPVG,AKJPVG,PVG
TTW,AKJ,PVG,PVGAKJ,PVG
TTW,AKJ,PVGAKJ,PVGAKJ,PVG
TTW,AKJ,上海,PVGAKJ,PVG
AAR,CTS,CTSICN,CTSICN,ICN
AAR,CTS,ICNCTS,ICNCTS,ICN
AAR,CTS,インチョン,ICNCTS,ICN
AAR,CTS,仁川,ICNCTS,ICN
AAR,CTS,CTSPUS,CTSPUS,PUS
AAR,CTS,PUSCTS,PUSCTS,PUS
AAR,CTS,プサン,PUSCTS,PUS
AAR,CTS,釜山,PUSCTS,PUS
ABL,CTS,CTSICN,CTSICN,ICN
ABL,CTS,ICNCTS,ICNCTS,ICN
ABL,CTS,インチョン,ICNCTS,ICN
ABL,CTS,仁川,ICNCTS,ICN
ABL,CTS,CTSPUS,CTSPUS,PUS
ABL,CTS,PUSCTS,PUSCTS,PUS
ABL,CTS,プサン,PUSCTS,PUS
ABL,CTS,釜山,CTSPUS,PUS
ABL,CTS,CTSTAE,CTSTAE,TAE
ABL,CTS,TAE,CTSTAE,TAE
ABL,CTS,TAECTS,TAECTS,TAE
ABL,CTS,大邱,CTSTAE,TAE
ADO,CTS,CTSFUK,CTSFUK,FUK
ADO,CTS,FUK,FUKCTS,FUK
ADO,CTS,FUKCTS,FUKCTS,FUK
ADO,CTS,福岡,FUKCTS,FUK
ADO,CTS,CTSHIJ,CTSHIJ,HIJ
ADO,CTS,HIJ,CTSHIJ,HIJ
ADO,CTS,HIJCTS,HIJCTS,HIJ
ADO,CTS,広島,CTSHIJ,HIJ
ADO,CTS,CTSHND,CTSHND,HND
ADO,CTS,HND,HNDCTS,HND
ADO,CTS,HNDCTS,HNDCTS,HND
ADO,CTS,羽田,HNDCTS,HND
ADO,CTS,東京,HNDCTS,HND
ADO,CTS,東京（羽田）,HNDCTS,HND
ADO,CTS,CTSNGO,CTSNGO,NGO
ADO,CTS,NGO,NGOCTS,NGO
ADO,CTS,NGOCTS,NGOCTS,NGO
ADO,CTS,名古屋,NGOCTS,NGO
ADO,CTS,中部,NGOCTS,NGO
ADO,CTS,CTSOKJ,CTSOKJ,OKJ
ADO,CTS,OKJ,OKJCTS,OKJ
ADO,CTS,OKJCTS,OKJCTS,OKJ
ADO,CTS,岡山,OKJCTS,OKJ
ADO,CTS,CTSSDJ,CTSSDJ,SDJ
ADO,CTS,SDJ,SDJCTS,SDJ
ADO,CTS,SDJCTS,SDJCTS,SDJ
ADO,CTS,仙台,SDJCTS,SDJ
ADO,CTS,CTSUKB,CTSUKB,UKB
ADO,CTS,UKB,UKBCTS,UKB
ADO,CTS,UKBCTS,UKBCTS,UKB
ADO,CTS,神戸,UKBCTS,UKB
AIQ,CTS,BKKCTS,BKKCTS,BKK
AIQ,CTS,CTSBKK,CTSBKK,BKK
AIQ,CTS,BKK,CTSBKK,BKK
AIQ,CTS,ﾊﾞﾝｺｸ(ｽﾜﾝｱﾌﾟﾑ）,CTSBKK,BKK
AIQ,CTS,CTSDMK,CTSDMK,DMK
AIQ,CTS,DMK,DMKCTS,DMK
AIQ,CTS,DMKCTS,DMKCTS,DMK
AIQ,CTS,ﾊﾞﾝｺｸ(ﾄﾞﾝﾑｱﾝ）,DMKCTS,DMK
AIQ,CTS,CNXCTS,CNXCTS,CNX
AIQ,CTS,CTSCNX,CTSCNX,CNX
AIQ,CTS,CNX,CNXCTS,CNX
AIQ,CTS,チェンマイ,CNXCTS,CNX
AIQ,CTS,CTSTPE,CTSTPE,TPE
AIQ,CTS,TPECTS,TPECTS,TPE
AIQ,CTS,TPE,TPECTS,TPE
AIQ,CTS,台北,TPECTS,TPE
ANA,CTS,AOJ,AOJCTS,AOJ
ANA,CTS,AOJCTS,AOJCTS,AOJ
ANA,CTS,AOJ-CTS,AOJCTS,AOJ
ANA,CTS,CTSAOJ,CTSAOJ,AOJ
ANA,CTS,CTS-AOJ,AOJCTS,AOJ
ANA,CTS,青森,AOJCTS,AOJ
ANA,CTS,AXT,AXTCTS,AXT
ANA,CTS,AXTCTS,AXTCTS,AXT
ANA,CTS,AXT-CTS,AXTCTS,AXT
ANA,CTS,CTSAXT,CTSAXT,AXT
ANA,CTS,CTS-AXT,AXTCTS,AXT
ANA,CTS,秋田,AXTCTS,AXT
ANA,CTS,CTSFKS,CTSFKS,FKS
ANA,CTS,CTS-FKS,FKSCTS,FKS
ANA,CTS,FKS,FKSCTS,FKS
ANA,CTS,FKSCTS,FKSCTS,FKS
ANA,CTS,FKS-CTS,FKSCTS,FKS
ANA,CTS,福島,FKSCTS,FKS
ANA,CTS,CTSFSZ,CTSFSZ,FSZ
ANA,CTS,CTS-FSZ,FSZCTS,FSZ
ANA,CTS,FSZ,FSZCTS,FSZ
ANA,CTS,FSZCTS,FSZCTS,FSZ
ANA,CTS,FSZ-CTS,FSZCTS,FSZ
ANA,CTS,静岡,FSZCTS,FSZ
ANA,CTS,CTSFUK,CTSFUK,FUK
ANA,CTS,CTS-FUK,FUKCTS,FUK
ANA,CTS,FUK,FUKCTS,FUK
ANA,CTS,FUKCTS,FUKCTS,FUK
ANA,CTS,FUK-CTS,FUKCTS,FUK
ANA,CTS,福岡,FUKCTS,FUK
ANA,CTS,CTSHIJ,CTSHIJ,HIJ
ANA,CTS,CTS-HIJ,HIJCTS,HIJ
ANA,CTS,HIJ,HIJCTS,HIJ
ANA,CTS,HIJCTS,HIJCTS,HIJ
ANA,CTS,HIJ-CTS,HIJCTS,HIJ
ANA,CTS,広島,HIJCTS,HIJ
ANA,CTS,CTSHKD,CTSHKD,HKD
ANA,CTS,CTS-HKD,HKDCTS,HKD
ANA,CTS,HKD,HKDCTS,HKD
ANA,CTS,HKDCTS,HKDCTS,HKD
ANA,CTS,HKD-CTS,HKDCTS,HKD
ANA,CTS,函館,HKDCTS,HKD
ANA,CTS,CTSHND,CTSHND,HND
ANA,CTS,CTS-HND,HNDCTS,HND
ANA,CTS,HND,HNDCTS,HND
ANA,CTS,HNDCTS,HNDCTS,HND
ANA,CTS,HND-CTS,HNDCTS,HND
ANA,CTS,羽田,HNDCTS,HND
ANA,CTS,東京,HNDCTS,HND
ANA,CTS,東京（羽田）,HNDCTS,HND
ANA,CTS,CTSITM,CTSITM,ITM
ANA,CTS,CTS-ITM,ITMCTS,ITM
ANA,CTS,ITM,ITMCTS,ITM
ANA,CTS,ITMCTS,ITMCTS,ITM
ANA,CTS,ITM-CTS,ITMCTS,ITM
ANA,CTS,伊丹,ITMCTS,ITM
ANA,CTS,CTSKIJ,CTSKIJ,KIJ
ANA,CTS,CTS-KIJ,KIJCTS,KIJ
ANA,CTS,KIJ,KIJCTS,KIJ
ANA,CTS,KIJCTS,KIJCTS,KIJ
ANA,CTS,KIJ-CTS,KIJCTS,KIJ
ANA,CTS,新潟,KIJCTS,KIJ
ANA,CTS,CTSKIX,CTSKIX,KIX
ANA,CTS,CTS-KIX,KIXCTS,KIX
ANA,CTS,KIX,KIXCTS,KIX
ANA,CTS,KIXCTS,KIXCTS,KIX
ANA,CTS,KIX-CTS,KIXCTS,KIX
ANA,CTS,関西,KIXCTS,KIX
ANA,CTS,CTSKMQ,CTSKMQ,KMQ
ANA,CTS,CTS-KMQ,KMQCTS,KMQ
ANA,CTS,KMQ,KMQCTS,KMQ
ANA,CTS,KMQCTS,KMQCTS,KMQ
ANA,CTS,KMQ-CTS,KMQCTS,KMQ
ANA,CTS,小松,KMQCTS,KMQ
ANA,CTS,CTSKUH,CTSKUH,KUH
ANA,CTS,CTS-KUH,KUHCTS,KUH
ANA,CTS,KUH,KUHCTS,KUH
ANA,CTS,KUHCTS,KUHCTS,KUH
ANA,CTS,KUH-CTS,KUHCTS,KUH
ANA,CTS,釧路,KUHCTS,KUH
ANA,CTS,CTSMMB,CTSMMB,MMB
ANA,CTS,CTS-MMB,MMBCTS,MMB
ANA,CTS,MMB,MMBCTS,MMB
ANA,CTS,MMBCTS,MMBCTS,MMB
ANA,CTS,MMB-CTS,MMBCTS,MMB
ANA,CTS,女満別,MMBCTS,MMB
ANA,CTS,CTSNGO,CTSNGO,NGO
ANA,CTS,CTS-NGO,NGOCTS,NGO
ANA,CTS,NGO,NGOCTS,NGO
ANA,CTS,NGOCTS,NGOCTS,NGO
ANA,CTS,NGO-CTS,NGOCTS,NGO
ANA,CTS,中部,NGOCTS,NGO
ANA,CTS,名古屋,NGOCTS,NGO
ANA,CTS,CTSNRT,CTSNRT,NRT
ANA,CTS,CTS-NRT,NRTCTS,NRT
ANA,CTS,NRT,NRTCTS,NRT
ANA,CTS,NRTCTS,NRTCTS,NRT
ANA,CTS,NRT-CTS,NRTCTS,NRT
ANA,CTS,成田,NRTCTS,NRT
ANA,CTS,東京（成田）,NRTCTS,NRT
ANA,CTS,CTSOKA,CTSOKA,OKA
ANA,CTS,CTS-OKA,OKACTS,OKA
ANA,CTS,OKA,OKACTS,OKA
ANA,CTS,OKACTS,OKACTS,OKA
ANA,CTS,OKA-CTS,OKACTS,OKA
ANA,CTS,沖縄,OKACTS,OKA
ANA,CTS,CTSOKJ,CTSOKJ,OKJ
ANA,CTS,CTS-OKJ,OKJCTS,OKJ
ANA,CTS,OKJ,OKJCTS,OKJ
ANA,CTS,OKJCTS,OKJCTS,OKJ
ANA,CTS,OKJ-CTS,OKJCTS,OKJ
ANA,CTS,岡山,OKJCTS,OKJ
ANA,CTS,CTSRIS,RISCTS,RIS
ANA,CTS,CTS-RIS,RISCTS,RIS
ANA,CTS,RIS,RISCTS,RIS
ANA,CTS,RISCTS,RISCTS,RIS
ANA,CTS,RIS-CTS,RISCTS,RIS
ANA,CTS,利尻,RISCTS,RIS
ANA,CTS,CTSSDJ,CTSSDJ,SDJ
ANA,CTS,CTS-SDJ,SDJCTS,SDJ
ANA,CTS,SDJ,SDJCTS,SDJ
ANA,CTS,SDJCTS,SDJCTS,SDJ
ANA,CTS,SDJ-CTS,SDJCTS,SDJ
ANA,CTS,仙台,SDJCTS,SDJ
ANA,CTS,CTSSHB,CTSSHB,SHB
ANA,CTS,CTS-SHB,SHBCTS,SHB
ANA,CTS,SHB,SHBCTS,SHB
ANA,CTS,SHBCTS,SHBCTS,SHB
ANA,CTS,SHB-CTS,SHBCTS,SHB
ANA,CTS,中標津,SHBCTS,SHB
ANA,CTS,CTSTOY,CTSTOY,TOY
ANA,CTS,CTS-TOY,TOYCTS,TOY
ANA,CTS,TOY,TOYCTS,TOY
ANA,CTS,TOYCTS,TOYCTS,TOY
ANA,CTS,TOY-CTS,TOYCTS,TOY
ANA,CTS,富山,TOYCTS,TOY
ANA,CTS,CTSUKB,CTSUKB,UKB
ANA,CTS,CTS-UKB,UKBCTS,UKB
ANA,CTS,UKB,UKBCTS,UKB
ANA,CTS,UKBCTS,UKBCTS,UKB
ANA,CTS,UKB-CTS,UKBCTS,UKB
ANA,CTS,神戸,UKBCTS,UKB
ANA,CTS,CTSWKJ,CTSWKJ,WKJ
ANA,CTS,CTS-WKJ,WKJCTS,WKJ
ANA,CTS,WKJ,WKJCTS,WKJ
ANA,CTS,WKJCTS,WKJCTS,WKJ
ANA,CTS,WKJ-CTS,WKJCTS,WKJ
ANA,CTS,稚内,WKJCTS,WKJ
APJ,CTS,CTSFUK,CTSFUK,FUK
APJ,CTS,FUK,FUKCTS,FUK
APJ,CTS,FUKCTS,FUKCTS,FUK
APJ,CTS,千歳=福岡,FUKCTS,FUK
APJ,CTS,福岡,FUKCTS,FUK
APJ,CTS,CTSICN,CTSICN,ICN
APJ,CTS,ICNCTS,ICNCTS,ICN
APJ,CTS,ICN,ICNCTS,ICN
APJ,CTS,ソウル,ICNCTS,ICN
APJ,CTS,仁川,ICNCTS,ICN
APJ,CTS,CTSKIX,CTSKIX,KIX
APJ,CTS,KIX,KIXCTS,KIX
APJ,CTS,KIXCTS,KIXCTS,KIX
APJ,CTS,関西,KIXCTS,KIX
APJ,CTS,千歳=関西,KIXCTS,KIX
APJ,CTS,CTSNGO,CTSNGO,NGO
APJ,CTS,NGO,NGOCTS,NGO
APJ,CTS,NGOCTS,NGOCTS,NGO
APJ,CTS,中部,NGOCTS,NGO
APJ,CTS,名古屋,NGOCTS,NGO
APJ,CTS,千歳=名古屋,NGOCTS,NGO
APJ,CTS,CTSNRT,CTSNRT,NRT
APJ,CTS,NRT,NRTCTS,NRT
APJ,CTS,NRTCTS,NRTCTS,NRT
APJ,CTS,成田,NRTCTS,NRT
APJ,CTS,千歳=成田,NRTCTS,NRT
APJ,CTS,東京（成田）,NRTCTS,NRT
APJ,CTS,CTSOKA,CTSOKA,OKA
APJ,CTS,OKA,OKACTS,OKA
APJ,CTS,OKACTS,OKACTS,OKA
APJ,CTS,沖縄,OKACTS,OKA
APJ,CTS,千歳=沖縄,OKACTS,OKA
APJ,CTS,CTSSDJ,CTSSDJ,SDJ
APJ,CTS,SDJ,SDJCTS,SDJ
APJ,CTS,SDJCTS,SDJCTS,SDJ
APJ,CTS,仙台,SDJCTS,SDJ
APJ,CTS,千歳=仙台,SDJCTS,SDJ
APJ,CTS,CTSTPE,CTSTPE,TPE
APJ,CTS,TPE,TPECTS,TPE
APJ,CTS,TPECTS,TPECTS,TPE
APJ,CTS,台北,TPECTS,TPE
ASV,CTS,ICNCTS,ICNCTS,ICN
ASV,CTS,ソウル,ICNCTS,ICN
AZA,CTS,FCOCTS,FCOCTS,FCO
AZA,CTS,CTSFCO,CTSFCO,FCO
CAL,CTS,CTSKHH,CTSKHH,KHH
CAL,CTS,KHHCTS,KHHCTS,KHH
CAL,CTS,KHH,KHHCTS,KHH
CAL,CTS,高雄,KHHCTS,KHH
CAL,CTS,CTSTPE,CTSTPE,TPE
CAL,CTS,TPECTS,TPECTS,TPE
CAL,CTS,TPE,TPECTS,TPE
CAL,CTS,台北,TPECTS,TPE
CBJ,CTS,CTSPEK,CTSPEK,PEK
CBJ,CTS,PEKCTS,PEKCTS,PEK
CBJ,CTS,PEK,PEKCTS,PEK
CBJ,CTS,北京,PEKCTS,PEK
CCA,CTS,CTSPEK,CTSPEK,PEK
CCA,CTS,PEK,PEKCTS,PEK
CCA,CTS,PEKCTS,PEKCTS,PEK
CCA,CTS,北京,PEKCTS,PEK
CDG,CTS,CTSTAO,CTSTAO,TAO
CDG,CTS,TAO,TAOCTS,TAO
CDG,CTS,TAOCTS,TAOCTS,TAO
CDG,CTS,青島,TAOCTS,TAO
CEB,CTS,CTSMNL,CTSMNL,MNL
CEB,CTS,MNLCTS,MNLCTS,MNL
CEB,CTS,MNL,MNLCTS,MNL
CEB,CTS,マニラ,MNLCTS,MNL
CES,CTS,CTSNKG,CTSNKG,NKG
CES,CTS,NKG,NKGCTS,NKG
CES,CTS,NKGCTS,NKGCTS,NKG
CES,CTS,南京,NKGCTS,NKG
CES,CTS,CTSPVG,CTSPVG,PVG
CES,CTS,PVGCTS,PVGCTS,PVG
CES,CTS,PVG,PVGCTS,PVG
CES,CTS,上海,PVGCTS,PVG
CHH,CTS,CSX,CSXCTS,CSX
CHH,CTS,CSXCTS,CSXCTS,CSX
CHH,CTS,CTSCSX,CTSCSX,CSX
CHH,CTS,長沙,CSXCTS,CSX
CHH,CTS,CTSHGH,CTSHGH,HGH
CHH,CTS,HGHCTS,HGHCTS,HGH
CHH,CTS,HGK,HGHCTS,HGH
CHH,CTS,杭州,HGHCTS,HGH
CHH,CTS,CTSXIY,CTSXIY,XIY
CHH,CTS,XIYCTS,XIYCTS,XIY
CHH,CTS,XIY,XIYCTS,XIY
CHH,CTS,西安,XIYCTS,XIY
CPA,CTS,CTSHKG,CTSHKG,HKG
CPA,CTS,HKGCTS,HKGCTS,HKG
CPA,CTS,HKG,HKGCTS,HKG
CPA,CTS,香港,HKGCTS,HKG
CQH,CTS,CTSPVG,CTSPVG,PVG
CQH,CTS,PVGCTS,PVGCTS,PVG
CQH,CTS,PVG,PVGCTS,PVG
CQH,CTS,上海,PVGCTS,PVG
CRK,CTS,CTSHKG,CTSHKG,HKG
CRK,CTS,HKGCTS,HKGCTS,HKG
CRK,CTS,HKG,HKGCTS,HKG
CRK,CTS,香港,HKGCTS,HKG
CSC,CTS,CTSTFU,CTSTFU,TFU
CSC,CTS,TFUCTS,TFUCTS,TFU
CSC,CTS,TFU,TFUCTS,TFU
CSC,CTS,成都,TFUCTS,TFU
CSN,CTS,CTSDLC,CTSDLC,DLC
CSN,CTS,DLC,DLCCTS,DLC
CSN,CTS,DLCCTS,DLCCTS,DLC
CSN,CTS,大連,DLCCTS,DLC
CSZ,CTS,CTSSZX,CTSSZX,SZX
CSZ,CTS,SZX,SZXCTS,SZX
CSZ,CTS,SZXCTS,SZXCTS,SZX
CSZ,CTS,深圳,SZXCTS,SZX
CSZ,CTS,CTSWUX,CTSWUX,WUX
CSZ,CTS,WUX,WUXCTS,WUX
CSZ,CTS,WUXCTS,WUXCTS,WUX
CSZ,CTS,無錫,WUXCTS,WUX
CXA,CTS,CTSFOC,CTSFOC,FOC
CXA,CTS,FOC,FOCCTS,FOC
CXA,CTS,FOCCTS,FOCCTS,FOC
CXA,CTS,福州,FOCCTS,FOC
DKH,CTS,CTSNKG,CTSNKG,NKG
DKH,CTS,NKG,CTSNKG,NKG
DKH,CTS,NKGCTS,NKGCTS,NKG
DKH,CTS,南京,CTSNKG,NKG
DKH,CTS,CTSPVG,CTSPVG,PVG
DKH,CTS,PVG,CTSPVG,PVG
DKH,CTS,PVGCTS,PVGCTS,PVG
DKH,CTS,上海,CTSPVG,PVG
EOK,CTS,CHNCTS,CHNCTS,CHN
EOK,CTS,CTSCHN,CTSCHN,CHN
EOK,CTS,CHN,CTSCHN,CHN
EOK,CTS,全州,CTSCHN,CHN
EOK,CTS,CJJCTS,CJJCTS,CJJ
EOK,CTS,CTSCJJ,CTSCJJ,CJJ
EOK,CTS,CJJ,CJJCTS,CJJ
EOK,CTS,済州,CJJCTS,CJJ
ESR,CTS,CJJ,CJJCTS,CJJ
ESR,CTS,CJJCTS,CJJCTS,CJJ
ESR,CTS,CTSCJJ,CTSCJJ,CJJ
ESR,CTS,済州,CJJCTS,CJJ
ESR,CTS,CTSICN,CTSICN,ICN
ESR,CTS,ICN,ICNCTS,ICN
ESR,CTS,ICNCTS,ICNCTS,ICN
ESR,CTS,仁川,ICNCTS,ICN
ESR,CTS,CTSPUS,CTSPUS,PUS
ESR,CTS,PUS,CTSPUS,PUS
ESR,CTS,PUSCTS,PUSCTS,PUS
ESR,CTS,釜山,CTSPUS,PUS
EVA,CTS,CTSTPE,CTSTPE,TPE
EVA,CTS,TPECTS,TPECTS,TPE
EVA,CTS,TPE,TPECTS,TPE
EVA,CTS,台北,TPECTS,TPE
FDA,CTS,CTSFSZ,CTSFSZ,FSZ
FDA,CTS,FSZ,FSZCTS,FSZ
FDA,CTS,FSZCTS,FSZCTS,FSZ
FDA,CTS,札幌(新千歳)=静岡,FSZCTS,FSZ
FDA,CTS,静岡,FSZCTS,FSZ
FDA,CTS,CTSFUK,CTSFUK,FUK
FDA,CTS,FUK,FUKCTS,FUK
FDA,CTS,FUKCTS,FUKCTS,FUK
FDA,CTS,福岡,FUKCTS,FUK
FDA,CTS,札幌(新千歳)=福岡,FUKCTS,FUK
FDA,CTS,CTSGAJ,CTSGAJ,GAJ
FDA,CTS,GAJ,GAJCTS,GAJ
FDA,CTS,GAJCTS,GAJCTS,GAJ
FDA,CTS,札幌(新千歳)=山形,GAJCTS,GAJ
FDA,CTS,山形,GAJCTS,GAJ
FDA,CTS,CTSKIJ,CTSKIJ,KIJ
FDA,CTS,KIJ,KIJCTS,KIJ
FDA,CTS,KIJCTS,KIJCTS,KIJ
FDA,CTS,新潟,KIJCTS,KIJ
FDA,CTS,札幌(新千歳)=新潟,KIJCTS,KIJ
FDA,CTS,CTSMMJ,CTSMMJ,MMJ
FDA,CTS,MMJ,MMJCTS,MMJ
FDA,CTS,MMJCTS,MMJCTS,MMJ
FDA,CTS,札幌(新千歳)=松本,MMJCTS,MMJ
FDA,CTS,松本,MMJCTS,MMJ
FIN,CTS,CTSHEL,CTSHEL,HEL
FIN,CTS,HEL,HELCTS,HEL
FIN,CTS,HELCTS,HELCTS,HEL
FIN,CTS,ヘルシンキ,HELCTS,HEL
GCR,CTS,CTSTSN,CTSTSN,TSN
GCR,CTS,TSN,TSNCTS,TSN
GCR,CTS,TSNCTS,TSNCTS,TSN
GCR,CTS,天津,TSNCTS,TSN
GIA,CTS,CGKCTS,CGKCTS,CGK
GIA,CTS,CTSCGK,CTSCGK,CGK
GIA,CTS,CGK,CGKCTS,CGK
GIA,CTS,スカルノ・ハッタ,CGKCTS,CGK
GIA,CTS,CTSDPS,CTSDPS,DPS
GIA,CTS,DPSCTS,DPSCTS,DPS
GIA,CTS,DPS,DPSCTS,DPS
GIA,CTS,ングラ・ライ,DPSCTS,DPS
HAL,CTS,CTSHNL,CTSHNL,HNL
HAL,CTS,HNL,HNLCTS,HNL
HAL,CTS,HNLCTS,HNLCTS,HNL
HAL,CTS,ホノルル,HNLCTS,HNL
HGB,CTS,CTSHKG,CTSHKG,HKG
HGB,CTS,HKGCTS,HKGCTS,HKG
HGB,CTS,HKG,HKGCTS,HKG
HGB,CTS,香港,HKGCTS,HKG
HVN,CTS,VDO,CTSVDO,VDO
HVN,CTS,VDOCTS,VDOCTS,VDO
HVN,CTS,CTSVDO,CTSVDO,VDO
HVN,CTS,ヴァンドン,CTSVDO,VDO
HVN,CTS,HAN,CTSHAN,HAN
HVN,CTS,HANCTS,HANCTS,HAN
HVN,CTS,CTSHAN,CTSHAN,HAN
HVN,CTS,ノイバイ,CTSHAN,HAN
IBX,CTS,CTSFKS,CTSFKS,FKS
IBX,CTS,FKS,FKSCTS,FKS
IBX,CTS,FKSCTS,FKSCTS,FKS
IBX,CTS,福島,FKSCTS,FKS
IBX,CTS,CTSMYJ,CTSMYJ,MYJ
IBX,CTS,MYJ,MYJCTS,MYJ
IBX,CTS,MYJCTS,MYJCTS,MYJ
IBX,CTS,松山,MYJCTS,MYJ
IBX,CTS,CTSSDJ,CTSSDJ,SDJ
IBX,CTS,SDJ,SDJCTS,SDJ
IBX,CTS,SDJCTS,SDJCTS,SDJ
IBX,CTS,仙台,SDJCTS,SDJ
IBX,CTS,仙台=千歳,SDJCTS,SDJ
JAL,CTS,AOJ,CTSAOJ,AOJ
JAL,CTS,AOJCTS,AOJCTS,AOJ
JAL,CTS,CTSAOJ,CTSAOJ,AOJ
JAL,CTS,札幌=青森,AOJCTS,AOJ
JAL,CTS,青森,AOJCTS,AOJ
JAL,CTS,AXT,AXTCTS,AXT
JAL,CTS,AXTCTS,AXTCTS,AXT
JAL,CTS,CTSAXT,CTSAXT,AXT
JAL,CTS,札幌=秋田,AXTCTS,AXT
JAL,CTS,秋田,AXTCTS,AXT
JAL,CTS,CTSFSZ,CTSFSZ,FSZ
JAL,CTS,FSZ,FSZCTS,FSZ
JAL,CTS,FSZCTS,FSZCTS,FSZ
JAL,CTS,札幌=静岡,FSZCTS,FSZ
JAL,CTS,静岡,FSZCTS,FSZ
JAL,CTS,CTSFUK,CTSFUK,FUK
JAL,CTS,FUK,FUKCTS,FUK
JAL,CTS,FUKCTS,FUKCTS,FUK
JAL,CTS,札幌=福岡,FUKCTS,FUK
JAL,CTS,福岡,FUKCTS,FUK
JAL,CTS,CTSGAJ,CTSGAJ,GAJ
JAL,CTS,GAJ,GAJCTS,GAJ
JAL,CTS,GAJCTS,GAJCTS,GAJ
JAL,CTS,札幌=山形,GAJCTS,GAJ
JAL,CTS,山形,GAJCTS,GAJ
JAL,CTS,CTSHIJ,CTSHIJ,HIJ
JAL,CTS,HIJ,HIJCTS,HIJ
JAL,CTS,HIJCTS,HIJCTS,HIJ
JAL,CTS,広島,HIJCTS,HIJ
JAL,CTS,札幌=広島,HIJCTS,HIJ
JAL,CTS,CTSHKD,CTSHKD,HKD
JAL,CTS,HKD,CTSHKD,HKD
JAL,CTS,HKDCTS,HKDCTS,HKD
JAL,CTS,札幌=函館,CTSHKD,HKD
JAL,CTS,函館,CTSHKD,HKD
JAL,CTS,CTSHNA,CTSHNA,HNA
JAL,CTS,HNA,HNACTS,HNA
JAL,CTS,HNACTS,HNACTS,HNA
JAL,CTS,花巻,HNACTS,HNA
JAL,CTS,札幌=花巻,HNACTS,HNA
JAL,CTS,CTSHND,CTSHND,HND
JAL,CTS,HND,HNDCTS,HND
JAL,CTS,HNDCTS,HNDCTS,HND
JAL,CTS,羽田,HNDCTS,HND
JAL,CTS,札幌=羽田,HNDCTS,HND
JAL,CTS,東京,HNDCTS,HND
JAL,CTS,東京（羽田）,HNDCTS,HND
JAL,CTS,CTSITM,CTSITM,ITM
JAL,CTS,ITM,ITMCTS,ITM
JAL,CTS,ITMCTS,ITMCTS,ITM
JAL,CTS,伊丹,ITMCTS,ITM
JAL,CTS,札幌=伊丹,ITMCTS,ITM
JAL,CTS,CTSIZO,CTSIZO,IZO
JAL,CTS,IZO,IZOCTS,IZO
JAL,CTS,IZOCTS,IZOCTS,IZO
JAL,CTS,札幌=出雲,IZOCTS,IZO
JAL,CTS,出雲,IZOCTS,IZO
JAL,CTS,CTSKIJ,CTSKIJ,KIJ
JAL,CTS,KIJ,KIJCTS,KIJ
JAL,CTS,KIJCTS,KIJCTS,KIJ
JAL,CTS,札幌=新潟,KIJCTS,KIJ
JAL,CTS,新潟,KIJCTS,KIJ
JAL,CTS,CTSKIX,CTSKIX,KIX
JAL,CTS,KIX,KIXCTS,KIX
JAL,CTS,KIXCTS,KIXCTS,KIX
JAL,CTS,関西,KIXCTS,KIX
JAL,CTS,札幌=関西,KIXCTS,KIX
JAL,CTS,CTSKUH,CTSKUH,KUH
JAL,CTS,KUH,CTSKUH,KUH
JAL,CTS,KUHCTS,KUHCTS,KUH
JAL,CTS,釧路,KUHCTS,KUH
JAL,CTS,札幌=釧路,KUHCTS,KUH
JAL,CTS,CTSMMB,CTSMMB,MMB
JAL,CTS,MMB,MMBCTS,MMB
JAL,CTS,MMBCTS,MMBCTS,MMB
JAL,CTS,札幌=女満別,MMBCTS,MMB
JAL,CTS,女満別,MMBCTS,MMB
JAL,CTS,CTSMMJ,CTSMMJ,MMJ
JAL,CTS,MMJ,MMJCTS,MMJ
JAL,CTS,MMJCTS,MMJCTS,MMJ
JAL,CTS,札幌=松本,MMJCTS,MMJ
JAL,CTS,松本,MMJCTS,MMJ
JAL,CTS,CTSNGO,CTSNGO,NGO
JAL,CTS,NGO,NGOCTS,NGO
JAL,CTS,NGOCTS,NGOCTS,NGO
JAL,CTS,中部,NGOCTS,NGO
JAL,CTS,札幌=名古屋,NGOCTS,NGO
JAL,CTS,名古屋,NGOCTS,NGO
JAL,CTS,CTSNRT,CTSNRT,NRT
JAL,CTS,NRT,NRTCTS,NRT
JAL,CTS,NRTCTS,NRTCTS,NRT
JAL,CTS,札幌=成田,NRTCTS,NRT
JAL,CTS,成田,NRTCTS,NRT
JAL,CTS,CTSOKA,CTSOKA,OKA
JAL,CTS,OKA,OKACTS,OKA
JAL,CTS,OKACTS,OKACTS,OKA
JAL,CTS,沖縄,OKACTS,OKA
JAL,CTS,札幌=沖縄,OKACTS,OKA
JAL,CTS,CTSSDJ,CTSSDJ,SDJ
JAL,CTS,SDJ,SDJCTS,SDJ
JAL,CTS,SDJCTS,SDJCTS,SDJ
JAL,CTS,仙台,SDJCTS,SDJ
JAL,CTS,札幌=仙台,SDJCTS,SDJ
JAL,CTS,CTSTKS,CTSTKS,TKS
JAL,CTS,TKS,TKSCTS,TKS
JAL,CTS,TKSCTS,TKSCTS,TKS
JAL,CTS,札幌=徳島,TKSCTS,TKS
JAL,CTS,徳島,TKSCTS,TKS
JAL,CTS,CTSUKB,CTSUKB,UKB
JAL,CTS,UKB,UKBCTS,UKB
JAL,CTS,UKBCTS,UKBCTS,UKB
JAL,CTS,神戸,UKBCTS,UKB
JAL,CTS,札幌=神戸,UKBCTS,UKB
JJA,CTS,CTSICN,CTSICN,ICN
JJA,CTS,ICN,ICNCTS,ICN
JJA,CTS,ICNCTS,ICNCTS,ICN
JJA,CTS,仁川,ICNCTS,ICN
JJA,CTS,CTSMWX,CTSMWX,MWX
JJA,CTS,MWX,MWXCTS,MWX
JJA,CTS,MWXCTS,MWXCTS,MWX
JJA,CTS,務安,MWXCTS,MWX
JJA,CTS,CTSPUS,CTSPUS,PUS
JJA,CTS,PUS,PUSCTS,PUS
JJA,CTS,PUSCTS,PUSCTS,PUS
JJA,CTS,釜山,PUSCTS,PUS
JJP,CTS,CTSFUK,CTSFUK,FUK
JJP,CTS,FUK,FUKCTS,FUK
JJP,CTS,FUKCTS,FUKCTS,FUK
JJP,CTS,福岡,FUKCTS,FUK
JJP,CTS,CTSKIX,CTSKIX,KIX
JJP,CTS,KIX,KIXCTS,KIX
JJP,CTS,KIXCTS,KIXCTS,KIX
JJP,CTS,関西,KIXCTS,KIX
JJP,CTS,CTSNGO,CTSNGO,NGO
JJP,CTS,NGO,NGOCTS,NGO
JJP,CTS,NGOCTS,NGOCTS,NGO
JJP,CTS,名古屋,NGOCTS,NGO
JJP,CTS,中部,NGOCTS,NGO
JJP,CTS,CTSNRT,CTSNRT,NRT
JJP,CTS,NRT,NRTCTS,NRT
JJP,CTS,NRTCTS,NRTCTS,NRT
JJP,CTS,成田,NRTCTS,NRT
JJP,CTS,東京（成田）,NRTCTS,NRT
JNA,CTS,CTSICN,CTSICN,ICN
JNA,CTS,ICNCTS,ICNCTS,ICN
JNA,CTS,ICN,ICNCTS,ICN
JNA,CTS,仁川,ICNCTS,ICN
JNA,CTS,CTSPUS,CTSPUS,PUS
JNA,CTS,PUSCTS,PUSCTS,PUS
JNA,CTS,PUS,PUSCTS,PUS
JNA,CTS,釜山,PUSCTS,PUS
KAL,CTS,CTSICN,CTSICN,ICN
KAL,CTS,ICN,ICNCTS,ICN
KAL,CTS,ICNCTS,ICNCTS,ICN
KAL,CTS,仁川,ICNCTS,ICN
KAL,CTS,CTSPUS,CTSPUS,PUS
KAL,CTS,PUS,PUSCTS,PUS
KAL,CTS,PUSCTS,PUSCTS,PUS
KAL,CTS,釜山,PUSCTS,PUS
MAS,CTS,CTSKUL,CTSKUL,KUL
MAS,CTS,KUL,KULCTS,KUL
MAS,CTS,KULCTS,KULCTS,KUL
MAS,CTS,クアラルンプール,KULCTS,KUL
MXD,CTS,CTSKUL,CTSKUL,KUL
MXD,CTS,KUL,KULCTS,KUL
MXD,CTS,KULCTS,KULCTS,KUL
MXD,CTS,クアラルンプール,KULCTS,KUL
MXD,CTS,CTSTPE,CTSTPE,TPE
MXD,CTS,TPE,TPECTS,TPE
MXD,CTS,TPECTS,TPECTS,TPE
MXD,CTS,台北,TPECTS,TPE
NCT,CTS,CTSDMK,CTSDMK,DMK
NCT,CTS,DMK,DMKCTS,DMK
NCT,CTS,DMKCTS,DMKCTS,DMK
NCT,CTS,ﾊﾞﾝｺｸ(ﾄﾞﾝﾑｱﾝ）,DMKCTS,DMK
OKA,CTS,CTSTSN,CTSTSN,TSN
OKA,CTS,TSN,TSNCTS,TSN
OKA,CTS,TSNCTS,TSNCTS,TSN
OKA,CTS,天津,TSNCTS,TSN
PAL,CTS,CTSMNL,CTSMNL,MNL
PAL,CTS,MNLCTS,MNLCTS,MNL
PAL,CTS,MNL,MNLCTS,MNL
PAL,CTS,マニラ,MNLCTS,MNL
QFA,CTS,CTSSYD,CTSSYD,SYD
QFA,CTS,SYDCTS,SYDCTS,SYD
QFA,CTS,SYD,SYDCTS,SYD
QFA,CTS,シドニー,SYDCTS,SYD
SCO,CTS,CTSSIN,CTSSIN,SIN
SCO,CTS,SIN,SINCTS,SIN
SCO,CTS,SINCTS,SINCTS,SIN
SCO,CTS,シンガポール,SINCTS,SIN
SCO,CTS,CTSTPE,CTSTPE,TPE
SCO,CTS,TPE,TPECTS,TPE
SCO,CTS,TPECTS,TPECTS,TPE
SCO,CTS,台北,TPECTS,TPE
SHU,CTS,CTSUSS,CTSUSS,USS
SHU,CTS,USS,USSCTS,USS
SHU,CTS,USSCTS,USSCTS,USS
SHU,CTS,ユジノサハリンスク,USSCTS,USS
SIA,CTS,CTSSIN,CTSSIN,SIN
SIA,CTS,SIN,SINCTS,SIN
SIA,CTS,SINCTS,SINCTS,SIN
SIA,CTS,シンガポール,SINCTS,SIN
SJO,CTS,CTSHND,CTSHND,HND
SJO,CTS,HND,HNDCTS,HND
SJO,CTS,HNDCTS,HNDCTS,HND
SJO,CTS,羽田,HNDCTS,HND
SJO,CTS,東京,HNDCTS,HND
SJO,CTS,東京（羽田）,HNDCTS,HND
SJO,CTS,CTSKKJ,CTSKKJ,KKJ
SJO,CTS,KKJ,KKJCTS,KKJ
SJO,CTS,KKJCTS,KKJCTS,KKJ
SJO,CTS,北九州,KKJCTS,KKJ
SJO,CTS,CTSKIX,CTSKIX,KIX
SJO,CTS,KIXCTS,KIXCTS,KIX
SJO,CTS,KIX,KIXCTS,KIX
SJO,CTS,関西,KIXCTS,KIX
SJO,CTS,CTSNGO,CTSNGO,NGO
SJO,CTS,NGO,NGOCTS,NGO
SJO,CTS,NGOCTS,NGOCTS,NGO
SJO,CTS,中部,NGOCTS,NGO
SJO,CTS,名古屋,NGOCTS,NGO
SJO,CTS,CTSNRT,CTSNRT,NRT
SJO,CTS,NRT,NRTCTS,NRT
SJO,CTS,NRTCTS,NRTCTS,NRT
SJO,CTS,成田,NRTCTS,NRT
SJO,CTS,東京（成田）,NRTCTS,NRT
SJX,CTS,CTSTPE,CTSTPE,TPE
SJX,CTS,TPECTS,TPECTS,TPE
SKY,CTS,CTSFUK,CTSFUK,FUK
SKY,CTS,FUK,FUKCTS,FUK
SKY,CTS,FUKCTS,FUKCTS,FUK
SKY,CTS,千歳福岡線,FUKCTS,FUK
SKY,CTS,福岡,FUKCTS,FUK
SKY,CTS,CTSHND,CTSHND,HND
SKY,CTS,HND,HNDCTS,HND
SKY,CTS,HNDCTS,HNDCTS,HND
SKY,CTS,羽田,HNDCTS,HND
SKY,CTS,千歳羽田線,HNDCTS,HND
SKY,CTS,東京,HNDCTS,HND
SKY,CTS,東京（羽田）,HNDCTS,HND
SKY,CTS,CTSIBR,CTSIBR,IBR
SKY,CTS,IBR,IBRCTS,IBR
SKY,CTS,IBRCTS,IBRCTS,IBR
SKY,CTS,茨城,IBRCTS,IBR
SKY,CTS,千歳茨城線,IBRCTS,IBR
SKY,CTS,CTSNGO,CTSNGO,NGO
SKY,CTS,NGO,NGOCTS,NGO
SKY,CTS,NGOCTS,NGOCTS,NGO
SKY,CTS,名古屋,NGOCTS,NGO
SKY,CTS,千歳中部線,NGOCTS,NGO
SKY,CTS,中部,NGOCTS,NGO
SKY,CTS,CTSUKB,CTSUKB,UKB
SKY,CTS,UKB,UKBCTS,UKB
SKY,CTS,UKBCTS,UKBCTS,UKB
SKY,CTS,神戸,UKBCTS,UKB
SKY,CTS,千歳神戸線,UKBCTS,UKB
SVR,CTS,VVOCTS,VVOCTS,VVO
SVR,CTS,CTSVVO,CTSVVO,VVO
SVR,CTS,VVO,VVOCTS,VVO
SVR,CTS,ウラジオストク,VVOCTS,VVO
TAX,CTS,BKK,BKKCTS,BKK
TAX,CTS,BKKCTS,BKKCTS,BKK
TAX,CTS,CTSBKK,CTSBKK,BKK
TAX,CTS,ﾊﾞﾝｺｸ(ｽﾜﾝｱﾌﾟﾑ）,BKKCTS,BKK
TAX,CTS,CTSDMK,CTSDMK,DMK
TAX,CTS,DMK,DMKCTS,DMK
TAX,CTS,DMKCTS,DMKCTS,DMK
TAX,CTS,ﾊﾞﾝｺｸ(ﾄﾞﾝﾑｱﾝ）,DMKCTS,DMK
TGW,CTS,CTSSIN,CTSSIN,SIN
TGW,CTS,SINCTS,SINCTS,SIN
TGW,CTS,SIN,SINCTS,SIN
TGW,CTS,シンガポール,SINCTS,SIN
TGW,CTS,CTSTPE,CTSTPE,TPE
TGW,CTS,TPECTS,TPECTS,TPE
TGW,CTS,TPE,TPECTS,TPE
TGW,CTS,台北,TPECTS,TPE
THA,CTS,BKK,BKKCTS,BKK
THA,CTS,BKKCTS,BKKCTS,BKK
THA,CTS,CTSBKK,CTSBKK,BKK
THA,CTS,ﾊﾞﾝｺｸ(ｽﾜﾝｱﾌﾟﾑ）,BKKCTS,BKK
TLM,CTS,CTSDMK,CTSDMK,DMK
TLM,CTS,DMKCTS,DMKCTS,DMK
TLM,CTS,DMK,DMKCTS,DMK
TLM,CTS,ﾊﾞﾝｺｸ(ﾄﾞﾝﾑｱﾝ）,DMKCTS,DMK
TTW,CTS,CTSKHH,CTSKHH,KHH
TTW,CTS,KHHCTS,KHHCTS,KHH
TTW,CTS,KHH,KHHCTS,KHH
TTW,CTS,高雄,KHHCTS,KHH
TTW,CTS,CTSTPE,CTSTPE,TPE
TTW,CTS,TPECTS,TPECTS,TPE
TTW,CTS,TPE,TPECTS,TPE
TTW,CTS,台北,TPECTS,TPE
TVJ,CTS,BKK,BKKCTS,BKK
TVJ,CTS,BKKCTS,BKKCTS,BKK
TVJ,CTS,CTSBKK,CTSBKK,BKK
TVJ,CTS,ﾊﾞﾝｺｸ(ｽﾜﾝｱﾌﾟﾑ）,BKKCTS,BKK
TVJ,CTS,CTSTPE,CTSTPE,TPE
TVJ,CTS,TPECTS,TPECTS,TPE
TVJ,CTS,TPE,TPECTS,TPE
TVJ,CTS,台北,TPECTS,TPE
TWB,CTS,CTSICN,CTSICN,ICN
TWB,CTS,ICN,ICNCTS,ICN
TWB,CTS,ICNCTS,ICNCTS,ICN
TWB,CTS,仁川,ICNCTS,ICN
TWB,CTS,CTSPUS,CTSPUS,PUS
TWB,CTS,PUS,PUSCTS,PUS
TWB,CTS,PUSCTS,PUSCTS,PUS
TWB,CTS,釜山,PUSCTS,PUS
TWB,CTS,CTSMWX,CTSMWX,MWX
TWB,CTS,MWX,MWXCTS,MWX
TWB,CTS,MWXCTS,MWXCTS,MWX
TWB,CTS,務安,MWXCTS,MWX
TWB,CTS,CTSTAE,CTSTAE,TAE
TWB,CTS,TAE,CTSTAE,TAE
TWB,CTS,TAECTS,TAECTS,TAE
TWB,CTS,大邱,CTSTAE,TAE
VJC,CTS,DAD,DADCTS,DAD
VJC,CTS,CTSDAD,CTSDAD,DAD
VJC,CTS,DADCTS,DADCTS,DAD
VJC,CTS,ダナン,DADCTS,DAD
VJC,CTS,HAN,HANCTS,HAN
VJC,CTS,CTSHAN,CTSHAN,HAN
VJC,CTS,HANCTS,HANCTS,HAN
VJC,CTS,ノイバイ,HANCTS,HAN
VNL,CTS,NRTCTS,NRTCTS,NRT
VNL,CTS,成田,NRTCTS,NRT
WAJ,CTS,NGOCTS,NGOCTS,NGO
WAJ,CTS,中部,NGOCTS,NGO
UAL,CTS,GUMCTS,GUMCTS,GUM
UAL,CTS,CTSGUM,CTSGUM,GUM
UZB,CTS,SKDCTS,SKDCTS,SKD
UZB,CTS,CTSSKD,CTSSKD,SKD
UZB,CTS,TASCTS,TASCTS,TAS
UZB,CTS,CTSTAS,CTSTAS,TAS
XAX,CTS,CTSKUL,CTSKUL,KUL
XAX,CTS,KULCTS,KULCTS,KUL
XAX,CTS,KUL,KULCTS,KUL
XAX,CTS,クアラルンプール,KULCTS,KUL
ADO,HKD,HKDHND,HKDHND,HND
ADO,HKD,HND,HKDHND,HND
ADO,HKD,HNDHKD,HNDHKD,HND
ADO,HKD,東京,HKDHND,HND
ADO,HKD,羽田,HKDHND,HND
ADO,HKD,東京（羽田）,HKDHND,HND
ADO,HKD,HKDNGO,HKDNGO,NGO
ADO,HKD,NGO,NGOHKD,NGO
ADO,HKD,NGOHKD,NGOHKD,NGO
ADO,HKD,中部,NGOHKD,NGO
ADO,HKD,名古屋,NGOHKD,NGO
ANA,HKD,CTS,HKDCTS,CTS
ANA,HKD,CTSHKD,CTSHKD,CTS
ANA,HKD,HKDCTS,HKDCTS,CTS
ANA,HKD,新千歳,HKDCTS,CTS
ANA,HKD,千歳,HKDCTS,CTS
ANA,HKD,HKDHND,HKDHND,HND
ANA,HKD,HND,HNDHKD,HND
ANA,HKD,HNDHKD,HNDHKD,HND
ANA,HKD,東京,HNDHKD,HND
ANA,HKD,羽田,HNDHKD,HND
ANA,HKD,東京（羽田）,HNDHKD,HND
ANA,HKD,HKDITM,HKDITM,ITM
ANA,HKD,ITM,ITMHKD,ITM
ANA,HKD,ITMHKD,ITMHKD,ITM
ANA,HKD,伊丹,ITMHKD,ITM
ANA,HKD,HKDNGO,HKDNGO,NGO
ANA,HKD,NGO,NGOHKD,NGO
ANA,HKD,NGOHKD,NGOHKD,NGO
ANA,HKD,中部,NGOHKD,NGO
ANA,HKD,名古屋,NGOHKD,NGO
CRK,HKD,HKDHKG,HKGHKD,HKG
CRK,HKD,HKG,HKGHKD,HKG
CRK,HKD,HKGHKD,HKGHKD,HKG
CRK,HKD,香港,HKGHKD,HKG
EVA,HKD,HKDTPE,HKDTPE,TPE
EVA,HKD,TPE,TPEHKD,TPE
EVA,HKD,TPEHKD,TPEHKD,TPE
EVA,HKD,台北,TPEHKD,TPE
JAL,HKD,HKDHND,HKDHND,HND
JAL,HKD,HND,HNDHKD,HND
JAL,HKD,HNDHKD,HNDHKD,HND
JAL,HKD,東京,HNDHKD,HND
JAL,HKD,羽田,HNDHKD,HND
JAL,HKD,東京（羽田）,HNDHKD,HND
JAL,HKD,HKDITM,HKDITM,ITM
JAL,HKD,ITM,ITMHKD,ITM
JAL,HKD,ITMHKD,ITMHKD,ITM
JAL,HKD,伊丹,ITMHKD,ITM
JAL,HKD,HKDOIR,HKDOIR,OIR
JAL,HKD,OIR,OIRHKD,OIR
JAL,HKD,OIRHKD,OIRHKD,OIR
JAL,HKD,奥尻,OIRHKD,OIR
JAL,HKD,HKDOKD,HKDOKD,OKD
JAL,HKD,OKD,OKDHKD,OKD
JAL,HKD,OKDHKD,OKDHKD,OKD
JAL,HKD,丘珠,OKDHKD,OKD
JAL,HKD,CTSHKD,CTSHKD,CTS
JAL,HKD,HKDCTS,HKDCTS,CTS
JAL,HKD,新千歳,HKDCTS,CTS
JAL,HKD,千歳,HKDCTS,CTS
JJA,HKD,HKDICN,HKDICN,ICN
JJA,HKD,ICN,ICNHKD,ICN
JJA,HKD,ICNHKD,ICNHKD,ICN
JJA,HKD,仁川,ICNHKD,ICN
SJO,HKD,成田,HKDNRT,NRT
SJO,HKD,NRT,HKDNRT,NRT
SJO,HKD,HKDNRT,HKDNRT,NRT
SJO,HKD,NRTHKD,NRTHKD,NRT
SJX,HKD,HKDTPE,HKDTPE,TPE
SJX,HKD,TPE,TPEHKD,TPE
SJX,HKD,TPEHKD,TPEHKD,TPE
SJX,HKD,台北,TPEHKD,TPE
TTW,HKD,HKDTPE,HKDTPE,TPE
TTW,HKD,TPE,TPEHKD,TPE
TTW,HKD,TPEHKD,TPEHKD,TPE
TTW,HKD,台北,TPEHKD,TPE
ADO,KUH,HND,KUHHND,HND
ADO,KUH,HNDKUH,HNDKUH,HND
ADO,KUH,KUHHND,KUHHND,HND
ADO,KUH,東京,KUHHND,HND
ADO,KUH,羽田,KUHHND,HND
ADO,KUH,東京（羽田）,KUHHND,HND
ANA,KUH,CTS,KUHCTS,CTS
ANA,KUH,CTSKUH,CTSKUH,CTS
ANA,KUH,KUHCTS,KUHCTS,CTS
ANA,KUH,札幌,KUHCTS,CTS
ANA,KUH,千歳,KUHCTS,CTS
ANA,KUH,HND,KUHHND,HND
ANA,KUH,HNDKUH,HNDKUH,HND
ANA,KUH,KUHHND,KUHHND,HND
ANA,KUH,東京,KUHHND,HND
ANA,KUH,羽田,KUHHND,HND
ANA,KUH,東京（羽田）,KUHHND,HND
ANA,KUH,ITM,ITMKUH,ITM
ANA,KUH,ITMKUH,ITMKUH,ITM
ANA,KUH,KUHITM,KUHITM,ITM
ANA,KUH,伊丹,ITMKUH,ITM
ANA,KUH,KUHNGO,KUHNGO,NGO
ANA,KUH,NGO,NGOKUH,NGO
ANA,KUH,NGOKUH,NGOKUH,NGO
ANA,KUH,中部,NGOKUH,NGO
ANA,KUH,名古屋,NGOKUH,NGO
APJ,KUH,KIX,KUHKIX,KIX
APJ,KUH,KIXKUH,KIXKUH,KIX
APJ,KUH,KUHKIX,KUHKIX,KIX
APJ,KUH,関西,KUHKIX,KIX
APJ,KUH,NRT,KUHNRT,NRT
APJ,KUH,NRTKUH,NRTKUH,NRT
APJ,KUH,KUHNRT,KUHNRT,NRT
APJ,KUH,成田,KUHNRT,NRT
JAL,KUH,HND,KUHHND,HND
JAL,KUH,HNDKUH,HNDKUH,HND
JAL,KUH,KUHHND,KUHHND,HND
JAL,KUH,東京,KUHHND,HND
JAL,KUH,羽田,KUHHND,HND
JAL,KUH,東京（羽田）,KUHHND,HND
JAL,KUH,KUHNGO,KUHNGO,NGO
JAL,KUH,NGO,NGOKUH,NGO
JAL,KUH,NGOKUH,NGOKUH,NGO
JAL,KUH,中部,NGOKUH,NGO
JAL,KUH,名古屋,NGOKUH,NGO
JAL,KUH,KUHOKD,KUHOKD,OKD
JAL,KUH,OKD,OKDKUH,OKD
JAL,KUH,OKDKUH,OKDKUH,OKD
JAL,KUH,丘珠,OKDKUH,OKD
ADO,MMB,HND,MMBHND,HND
ADO,MMB,HNDMMB,HNDMMB,HND
ADO,MMB,MMBHND,MMBHND,HND
ADO,MMB,東京,MMBHND,HND
ADO,MMB,羽田,MMBHND,HND
ADO,MMB,東京（羽田）,MMBHND,HND
ANA,MMB,CTS,MMBCTS,CTS
ANA,MMB,CTSMMB,CTSMMB,CTS
ANA,MMB,MMBCTS,MMBCTS,CTS
ANA,MMB,新千歳,MMBCTS,CTS
ANA,MMB,千歳,MMBCTS,CTS
ANA,MMB,MMBNGO,MMBNGO,NGO
ANA,MMB,NGO,NGOMMB,NGO
ANA,MMB,NGOMMB,NGOMMB,NGO
ANA,MMB,中部,NGOMMB,NGO
ANA,MMB,名古屋,NGOMMB,NGO
APJ,MMB,NRT,NRTMMB,NRT
APJ,MMB,NRTMMB,NRTMMB,NRT
APJ,MMB,MMBNRT,MMBNRT,NRT
APJ,MMB,成田,NRTMMB,NRT
APJ,MMB,KIX,MMBKIX,KIX
APJ,MMB,KIXMMB,KIXMMB,KIX
APJ,MMB,MMBKIX,MMBKIX,KIX
APJ,MMB,関西,MMBKIX,KIX
JAL,MMB,CTS,MMBCTS,CTS
JAL,MMB,CTSMMB,CTSMMB,CTS
JAL,MMB,MMBCTS,MMBCTS,CTS
JAL,MMB,新千歳,MMBCTS,CTS
JAL,MMB,千歳,MMBCTS,CTS
JAL,MMB,HND,MMBHND,HND
JAL,MMB,HNDMMB,HNDMMB,HND
JAL,MMB,MMBHND,MMBHND,HND
JAL,MMB,東京,MMBHND,HND
JAL,MMB,羽田,MMBHND,HND
JAL,MMB,東京（羽田）,MMBHND,HND
JAL,MMB,ITM,MMBITM,ITM
JAL,MMB,ITMMMB,ITMMMB,ITM
JAL,MMB,MMBITM,MMBITM,ITM
JAL,MMB,伊丹,MMBITM,ITM
JAL,MMB,MMBOKD,MMBOKD,OKD
JAL,MMB,OKD,OKDMMB,OKD
JAL,MMB,OKDMMB,OKDMMB,OKD
JAL,MMB,丘珠,OKDMMB,OKD
ADO,OBO,HND,OBOHND,HND
ADO,OBO,HNDOBO,HNDOBO,HND
ADO,OBO,OBOHND,OBOHND,HND
ADO,OBO,東京,OBOHND,HND
ADO,OBO,羽田,OBOHND,HND
ADO,OBO,東京（羽田）,OBOHND,HND
EOK,OBO,CJJ,OBOCJJ,CJJ
EOK,OBO,CJJOBO,CJJOBO,CJJ
EOK,OBO,OBOCJJ,OBOCJJ,CJJ
EOK,OBO,済州,OBOCJJ,CJJ
EOK,OBO,ICN,OBOICN,ICN
EOK,OBO,ICNOBO,OBOICN,ICN
EOK,OBO,OBOICN,OBOICN,ICN
EOK,OBO,仁川,OBOICN,ICN
JAL,OBO,OBONGO,OBONGO,NGO
JAL,OBO,NGO,NGOOBO,NGO
JAL,OBO,NGOOBO,NGOOBO,NGO
JAL,OBO,中部,NGOOBO,NGO
JAL,OBO,名古屋,NGOOBO,NGO
JAL,OBO,HND,OBOHND,HND
JAL,OBO,HNDOBO,HNDOBO,HND
JAL,OBO,OBOHND,OBOHND,HND
JAL,OBO,東京,OBOHND,HND
JAL,OBO,羽田,OBOHND,HND
JAL,OBO,東京（羽田）,OBOHND,HND
ANA,WKJ,CTS,WKJCTS,CTS
ANA,WKJ,CTSWKJ,CTSWKJ,CTS
ANA,WKJ,WKJCTS,WKJCTS,CTS
ANA,WKJ,新千歳,WKJCTS,CTS
ANA,WKJ,札幌,WKJCTS,CTS
ANA,WKJ,HND,WKJHND,HND
ANA,WKJ,HNDWKJ,HNDWKJ,HND
ANA,WKJ,WKJHND,WKJHND,HND
ANA,WKJ,東京,WKJHND,HND
ANA,WKJ,羽田,WKJHND,HND
ANA,WKJ,東京（羽田）,WKJHND,HND
